{"logits": {"_type": "histogram", "values": [2, 0, 1, 1, 1, 2, 5, 1, 6, 4, 7, 7, 6, 11, 17, 10, 18, 16, 30, 28, 22, 33, 27, 39, 34, 37, 34, 25, 21, 24, 15, 20, 13, 17, 15, 10, 8, 5, 2, 1, 2, 3, 2, 6, 3, 7, 7, 8, 3, 4, 1, 2, 3, 4, 2, 2, 1, 1, 0, 3, 0, 0, 0, 1], "bins": [-30.627668380737305, -29.452157974243164, -28.276649475097656, -27.101139068603516, -25.925628662109375, -24.750118255615234, -23.574609756469727, -22.399099349975586, -21.223588943481445, -20.048080444335938, -18.872570037841797, -17.697059631347656, -16.52155113220215, -15.346040725708008, -14.170530319213867, -12.995020866394043, -11.819511413574219, -10.644001007080078, -9.468491554260254, -8.292981147766113, -7.117471694946289, -5.941961765289307, -4.766451835632324, -3.590942144393921, -2.4154322147369385, -1.2399224042892456, -0.06441253423690796, 1.1110973358154297, 2.286607265472412, 3.4621169567108154, 4.637626647949219, 5.813136577606201, 6.988646507263184, 8.164155960083008, 9.339666366577148, 10.515175819396973, 11.690686225891113, 12.866195678710938, 14.041705131530762, 15.217215538024902, 16.392724990844727, 17.568235397338867, 18.743745803833008, 19.919254302978516, 21.094764709472656, 22.270275115966797, 23.445783615112305, 24.621294021606445, 25.796804428100586, 26.972312927246094, 28.147823333740234, 29.323333740234375, 30.498844146728516, 31.674352645874023, 32.84986114501953, 34.02537155151367, 35.20088195800781, 36.37639236450195, 37.551902770996094, 38.727413177490234, 39.902923583984375, 41.07843017578125, 42.25394058227539, 43.42945098876953, 44.60496139526367]}, "_timestamp": 1690405546.6691682, "_runtime": 133.1935863494873, "_step": 5448, "train_loss_step": 0.0012529519153758883, "train_acc_step": 1.0, "epoch": 13, "trainer/global_step": 5299, "train_loss_epoch": 0.01219430286437273, "train_acc_epoch": 0.9956799745559692, "_wandb": {"runtime": 121}}