{"logits": {"_type": "histogram", "values": [1, 0, 1, 0, 0, 2, 2, 2, 2, 5, 1, 5, 4, 5, 11, 10, 11, 20, 11, 14, 21, 12, 17, 17, 16, 17, 18, 17, 20, 19, 9, 8, 15, 20, 4, 6, 8, 2, 1, 4, 1, 1, 2, 3, 3, 3, 0, 4, 3, 2, 3, 2, 2, 3, 3, 0, 3, 0, 0, 0, 1, 1, 1, 1], "bins": [-41.488407135009766, -39.909576416015625, -38.33074951171875, -36.75191879272461, -35.17308807373047, -33.594261169433594, -32.01543045043945, -30.436601638793945, -28.857772827148438, -27.27894401550293, -25.700115203857422, -24.12128448486328, -22.542455673217773, -20.963626861572266, -19.384796142578125, -17.805967330932617, -16.22713851928711, -14.648309707641602, -13.069479942321777, -11.490650177001953, -9.911821365356445, -8.332992553710938, -6.754162788391113, -5.175333499908447, -3.5965042114257812, -2.0176749229431152, -0.4388456344604492, 1.1399836540222168, 2.718812942504883, 4.297642230987549, 5.876471519470215, 7.455300807952881, 9.034130096435547, 10.612958908081055, 12.191788673400879, 13.770618438720703, 15.349447250366211, 16.92827606201172, 18.50710678100586, 20.085935592651367, 21.664764404296875, 23.243593215942383, 24.82242202758789, 26.40125274658203, 27.98008155822754, 29.558910369873047, 31.137741088867188, 32.71656799316406, 34.2953987121582, 35.874229431152344, 37.45305633544922, 39.03188705444336, 40.6107177734375, 42.189544677734375, 43.768375396728516, 45.34720230102539, 46.92603302001953, 48.50486373901367, 50.08369064331055, 51.66252136230469, 53.24134826660156, 54.8201789855957, 56.399009704589844, 57.97783660888672, 59.55666732788086]}, "_timestamp": 1690406727.307211, "_runtime": 103.24814796447754, "_step": 7995, "train_loss_step": 0.004373315256088972, "train_acc_step": 1.0, "epoch": 19, "trainer/global_step": 7819, "train_loss_epoch": 0.009899434633553028, "train_acc_epoch": 0.9968799948692322, "_wandb": {"runtime": 102}}