{"logits": {"_type": "histogram", "values": [1, 0, 0, 0, 0, 0, 2, 2, 0, 2, 3, 3, 7, 3, 9, 6, 12, 8, 14, 15, 10, 28, 20, 9, 20, 31, 24, 19, 18, 17, 10, 14, 11, 15, 7, 4, 7, 4, 4, 3, 0, 4, 4, 3, 0, 2, 1, 5, 2, 2, 3, 2, 1, 1, 0, 2, 2, 0, 0, 2, 0, 1, 0, 1], "bins": [-38.44707107543945, -37.029396057128906, -35.611717224121094, -34.19404220581055, -32.776363372802734, -31.358686447143555, -29.941009521484375, -28.523332595825195, -27.105655670166016, -25.68798065185547, -24.27030372619629, -22.85262680053711, -21.43494987487793, -20.01727294921875, -18.59959602355957, -17.18191909790039, -15.764242172241211, -14.346565246582031, -12.928888320922852, -11.511211395263672, -10.093534469604492, -8.675858497619629, -7.258181571960449, -5.8405046463012695, -4.42282772064209, -3.00515079498291, -1.5874741077423096, -0.16979730129241943, 1.2478795051574707, 2.6655564308166504, 4.083232879638672, 5.500909805297852, 6.918586730957031, 8.336263656616211, 9.75394058227539, 11.17161750793457, 12.58929443359375, 14.006970405578613, 15.424647331237793, 16.84232521057129, 18.26000213623047, 19.677677154541016, 21.095354080200195, 22.513031005859375, 23.930707931518555, 25.348384857177734, 26.766061782836914, 28.183738708496094, 29.601415634155273, 31.019092559814453, 32.436767578125, 33.85444641113281, 35.27212142944336, 36.68980026245117, 38.10747528076172, 39.52515411376953, 40.94282913208008, 42.36050796508789, 43.77818298339844, 45.19586181640625, 46.6135368347168, 48.03121566772461, 49.448890686035156, 50.86656951904297, 52.284244537353516]}, "_timestamp": 1690406206.732435, "_runtime": 171.4837760925293, "_step": 7995, "train_loss_step": 0.00844232365489006, "train_acc_step": 1.0, "epoch": 19, "trainer/global_step": 7819, "train_loss_epoch": 0.008154178038239479, "train_acc_epoch": 0.9972800016403198, "_wandb": {"runtime": 171}}