{"logits": {"_type": "histogram", "values": [1, 2, 2, 2, 4, 4, 6, 7, 6, 11, 10, 19, 9, 10, 11, 16, 29, 15, 24, 37, 37, 31, 19, 30, 23, 24, 24, 28, 21, 18, 18, 25, 14, 12, 8, 4, 3, 6, 4, 3, 2, 2, 6, 1, 4, 0, 4, 6, 5, 10, 1, 4, 3, 4, 3, 0, 2, 1, 1, 3, 0, 0, 0, 1], "bins": [-42.594482421875, -40.89740753173828, -39.20033264160156, -37.503257751464844, -35.806182861328125, -34.10911178588867, -32.41203689575195, -30.714962005615234, -29.017887115478516, -27.320812225341797, -25.623737335205078, -23.926664352416992, -22.229589462280273, -20.532514572143555, -18.83544158935547, -17.13836669921875, -15.441291809082031, -13.744216918945312, -12.04714298248291, -10.350069046020508, -8.652994155883789, -6.9559197425842285, -5.258845329284668, -3.5617709159851074, -1.8646965026855469, -0.16762208938598633, 1.5294523239135742, 3.2265267372131348, 4.923601150512695, 6.620675563812256, 8.317749977111816, 10.014823913574219, 11.711898803710938, 13.408973693847656, 15.106047630310059, 16.80312156677246, 18.50019645690918, 20.1972713470459, 21.894344329833984, 23.591419219970703, 25.288494110107422, 26.98556900024414, 28.68264389038086, 30.379716873168945, 32.07678985595703, 33.77386474609375, 35.47093963623047, 37.16801452636719, 38.865089416503906, 40.562164306640625, 42.259239196777344, 43.95631408691406, 45.65338897705078, 47.350460052490234, 49.04753494262695, 50.74460983276367, 52.44168472290039, 54.13875961303711, 55.83583450317383, 57.53290939331055, 59.22998046875, 60.92705535888672, 62.62413024902344, 64.32120513916016, 66.01828002929688]}, "_timestamp": 1690405923.511711, "_runtime": 293.7108747959137, "_step": 13697, "train_loss_step": 2.9458224162226543e-05, "train_acc_step": 1.0, "epoch": 34, "trainer/global_step": 13349, "train_loss_epoch": 0.008328692987561226, "train_acc_epoch": 0.997439980506897, "_wandb": {"runtime": 292}}